avg_cost,n,l2
283.990529245896,13831,medicine
751.934869526755,9044,surgery
420.894192078132,18430,other
109.95914808574,25519,pathology and laboratory
1158.44824577861,1066,anethesia
579.030175073218,15365,radiology
